count,domain,schema,table_name,table_key
239623,finaid,faismgr,rbbabud,none
11953,finaid,faismgr,rbrmixd,none
149,finaid,faismgr,rbrpbcp,none
72,finaid,faismgr,rbrpbgp,none
12,finaid,faismgr,rbrpbtp,none
2,finaid,faismgr,rcrimp1,none
209754,finaid,faismgr,rercded,none
70450,finaid,faismgr,rercoda,none
116622,finaid,faismgr,rercods,none
80074,finaid,faismgr,rercsid,none
26942,finaid,faismgr,rfraspc,none
2221,finaid,faismgr,rfrbase,none
400,finaid,faismgr,rfrmesg,none
1534,finaid,faismgr,rftaspc,none
146102,finaid,faismgr,rhrcomm,none
15001,finaid,faismgr,rlrcbid,none
14859,finaid,faismgr,rlrdbor,none
40,finaid,faismgr,rlrdfee,none
189473,finaid,faismgr,rlrdlbn,none
483360,finaid,faismgr,rlrdldb,none
209284,finaid,faismgr,rlrdlor,none
482535,finaid,faismgr,rlrdlps,none
166681,finaid,faismgr,rlrdmpn,none
209397,finaid,faismgr,rlrdmpr,none
39640,finaid,faismgr,rlrpapp,none
49794,finaid,faismgr,rlrplus,none
16691,finaid,faismgr,rnrovrd,none
65,finaid,faismgr,robbbay,none
57,finaid,faismgr,robinst,none
240575,finaid,faismgr,robnyud,none
380,finaid,faismgr,robprds,none
28,finaid,faismgr,roraudt,none
235035,finaid,faismgr,rorhold,none
263403,finaid,faismgr,rormesg,none
19116,finaid,faismgr,rormval,none
1,finaid,faismgr,rornyvd,none
380,finaid,faismgr,rorprds,none
9,finaid,faismgr,rorsect,none
1949,finaid,faismgr,rortprd,none
34,finaid,faismgr,roruser,none
660,finaid,faismgr,rpblprd,none
36,finaid,faismgr,rpbopts,none
115153,finaid,faismgr,rprarsc,none
584,finaid,faismgr,rprcipc,none
1,finaid,faismgr,rprexpt,none
22059,finaid,faismgr,rprladb,none
8903,finaid,faismgr,rprlapp,none
21640,finaid,faismgr,rprlatr,none
1387,finaid,faismgr,rprldsb,none
617,finaid,faismgr,rprtats,none
3,finaid,faismgr,rptawrd,none
262,finaid,faismgr,rptuapp,none
25,finaid,faismgr,rrrtmsg,none
34,finaid,faismgr,rtvabrc,none
141,finaid,faismgr,rtvaprd,none
12,finaid,faismgr,rtvawst,none
3,finaid,faismgr,rtvbbtp,none
173,finaid,faismgr,rtvbgrp,none
2,finaid,faismgr,rtvbtyp,none
3,finaid,faismgr,rtvccom,none
512,finaid,faismgr,rtvcdnt,none
80,finaid,faismgr,rtvcdst,none
47,finaid,faismgr,rtvcint,none
30,finaid,faismgr,rtvcomp,none
3,finaid,faismgr,rtvdlbt,none
2,finaid,faismgr,rtvenrr,none
7,finaid,faismgr,rtvfsrc,none
10,finaid,faismgr,rtvftyp,none
710,finaid,faismgr,rtvhold,none
8630,finaid,faismgr,rtvicmt,none
18,finaid,faismgr,rtvinfc,none
3,finaid,faismgr,rtvlnst,none
314,finaid,faismgr,rtvmesg,none
27,finaid,faismgr,rtvpbcp,none
12,finaid,faismgr,rtvpbgp,none
2,finaid,faismgr,rtvpbtp,none
133,finaid,faismgr,rtvpgrp,none
68,finaid,faismgr,rtvphas,none
36,finaid,faismgr,rtvprcd,none
85,finaid,faismgr,rtvptyp,none
1296,finaid,faismgr,rtvrjct,none
4,finaid,faismgr,rtvrpsr,none
7,finaid,faismgr,rtvsapr,none
4,finaid,faismgr,rtvsayr,none
45,finaid,faismgr,rtvtgrp,none
254,finaid,faismgr,rtvtreq,none
15,finaid,faismgr,rtvtrst,none
17,finaid,faismgr,rtvuser,none
24,finaid,faismgr,rtvyicd,none
307,finaid,faismgr,rurvers,none
214622,finaid,faismgr,rwrarch,none
1300165,finaid,faismgr,rbracmp,rbracmp_surrogate_id
5706485,finaid,faismgr,rbrapbc,rbrapbc_surrogate_id
590822,finaid,faismgr,rbrapbg,rbrapbg_pidm
907999,finaid,faismgr,rbrapbt,rbrapbt_pidm
1370054,finaid,faismgr,rcrapp1,rcrapp1_surrogate_id
1370017,finaid,faismgr,rcrapp2,rcrapp2_surrogate_id
1370018,finaid,faismgr,rcrapp3,rcrapp3_surrogate_id
1370017,finaid,faismgr,rcrapp4,rcrapp4_pidm
1369993,finaid,faismgr,rcresar,rcresar_pidm
1964405,finaid,faismgr,rcrlds4,rcrlds4_pidm
6748420,finaid,faismgr,rlrddas,rlrddas_pidm
502569,finaid,faismgr,rlrdldd,rlrdldd_surrogate_id
639408,finaid,faismgr,robusdf,robusdf_pidm
1205687,finaid,faismgr,rorenrl,rorenrl_pidm
1270693,finaid,faismgr,rorprst,rorprst_surrogate_id
1089335,finaid,faismgr,rorsapr,rorsapr_surrogate_id
660626,finaid,faismgr,rorstat,rorstat_surrogate_id
2883601,finaid,faismgr,rpradsb,rpradsb_surrogate_id
10036485,finaid,faismgr,rpratrm,rpratrm_surrogate_id
3409343,finaid,faismgr,rprawrd,rprawrd_surrogate_id
968771,finaid,faismgr,rrrareq,rrrareq_surrogate_id
3377766,finance,fimsmgr,fabchks,fabchks_surrogate_id
4389235,finance,fimsmgr,fabinck,fabinck_surrogate_id
4347021,finance,fimsmgr,fabinvh,fabinvh_surrogate_id
5553086,finance,fimsmgr,farinva,farinva_surrogate_id
4956801,finance,fimsmgr,farinvc,farinvc_surrogate_id
2558322,finance,fimsmgr,fgbencp,fgbencp_surrogate_id
2932961,finance,fimsmgr,fgbopal,fgbopal_surrogate_id
273710675,finance,fimsmgr,fgbtrnd,fgbtrnd_surrogate_id
90870503,finance,fimsmgr,fgbtrnh,fgbtrnh_surrogate_id
19608613,finance,fimsmgr,fobtext,fobtext_surrogate_id
693369,finance,fimsmgr,frrgrnl,frrgrnl_surrogate_id
3544036,finance,fimsmgr,fab1099,none
2250668,finance,fimsmgr,fabbktp,none
15373,finance,fimsmgr,fabruiv,none
220029,finance,fimsmgr,fbbblin,none
752,finance,fimsmgr,fbblock,none
132247,finance,fimsmgr,fbraudt,none
15347,finance,fimsmgr,ffbadjh,none
69872,finance,fimsmgr,ffbmast,none
1550700,finance,fimsmgr,ffradja,none
745693,finance,fimsmgr,ffradjd,none
18577,finance,fimsmgr,ffrfusn,none
237780,finance,fimsmgr,ffrmasa,none
57233,finance,fimsmgr,ffrmasf,none
12,finance,fimsmgr,ffvacon,none
28,finance,fimsmgr,ffvacqm,none
28,finance,fimsmgr,ffvdisp,none
71,finance,fimsmgr,ffvsdat,none
9,finance,fimsmgr,ffvttst,none
1902117,finance,fimsmgr,fgbbavl,none
449606,finance,fimsmgr,fgbencd,none
96845,finance,fimsmgr,fgbench,none
3902672,finance,fimsmgr,fgbgenl,none
1,finance,fimsmgr,fob1099,none
1,finance,fimsmgr,fobclau,none
2842,finance,fimsmgr,fobprof,none
6,finance,fimsmgr,fobsysc,none
2,finance,fimsmgr,forclau,none
343,finance,fimsmgr,forusor,none
98196,finance,fimsmgr,fpbpohd,none
128918,finance,fimsmgr,fprpoda,none
233015,finance,fimsmgr,fprpodt,none
17571,finance,fimsmgr,frbbudg,none
7009,finance,fimsmgr,frbevng,none
8875,finance,fimsmgr,frbgbil,none
11337,finance,fimsmgr,frbgrnt,none
2,finance,fimsmgr,frbprop,none
1785,finance,fimsmgr,frragpt,none
4082884,finance,fimsmgr,frrbdet,none
364158,finance,fimsmgr,frrevng,none
6347,finance,fimsmgr,frrgloc,none
36541,finance,fimsmgr,frrgrpi,none
13843,finance,fimsmgr,frrgusn,none
2,finance,fimsmgr,frrprpi,none
35,finance,fimsmgr,frvbasi,none
20,finance,fimsmgr,frvbfrm,none
3972,finance,fimsmgr,frvcfda,none
11,finance,fimsmgr,frvevnt,none
19007,finance,fimsmgr,frvfund,none
6,finance,fimsmgr,frvinda,none
8,finance,fimsmgr,frvindd,none
149,finance,fimsmgr,frvindr,none
5224,finance,fimsmgr,frvisac,none
29,finance,fimsmgr,frvpmsc,none
1,finance,fimsmgr,frvprst,none
73,finance,fimsmgr,frvsact,none
51,finance,fimsmgr,frvsdat,none
441,finance,fimsmgr,ftratts,none
1809,finance,fimsmgr,ftrattv,none
90178,finance,fimsmgr,ftvacci,none
5303,finance,fimsmgr,ftvacct,none
49,finance,fimsmgr,ftvactl,none
23997,finance,fimsmgr,ftvactv,none
3598,finance,fimsmgr,ftvagcy,none
128,finance,fimsmgr,ftvappq,none
171,finance,fimsmgr,ftvasty,none
54,finance,fimsmgr,ftvatts,none
346,finance,fimsmgr,ftvattt,none
75,finance,fimsmgr,ftvatyp,none
337,finance,fimsmgr,ftvbuyr,none
17,finance,fimsmgr,ftvcoas,none
695,finance,fimsmgr,ftvcomm,none
1,finance,fimsmgr,ftvcrsn,none
2,finance,fimsmgr,ftvctyp,none
1,finance,fimsmgr,ftvdepr,none
23,finance,fimsmgr,ftvdisc,none
54,finance,fimsmgr,ftvdtyp,none
2652,finance,fimsmgr,ftvfmgr,none
5,finance,fimsmgr,ftvfobs,none
444,finance,fimsmgr,ftvfspd,none
68,finance,fimsmgr,ftvfsyr,none
103,finance,fimsmgr,ftvftyp,none
65609,finance,fimsmgr,ftvfund,none
2,finance,fimsmgr,ftvinrt,none
17,finance,fimsmgr,ftvityp,none
14252,finance,fimsmgr,ftvlocn,none
39,finance,fimsmgr,ftvobph,none
30,finance,fimsmgr,ftvobud,none
12983,finance,fimsmgr,ftvorgn,none
8,finance,fimsmgr,ftvpaym,none
2,finance,fimsmgr,ftvpcls,none
3669,finance,fimsmgr,ftvprog,none
398,finance,fimsmgr,ftvproj,none
23,finance,fimsmgr,ftvrsnc,none
428,finance,fimsmgr,ftvrucl,none
70,finance,fimsmgr,ftvrugr,none
1371,finance,fimsmgr,ftvsdat,none
704,finance,fimsmgr,ftvship,none
74,finance,fimsmgr,ftvuoms,none
326165,finance,fimsmgr,ftvvend,none
36742,finance,fimsmgr,ftvvent,none
17,finance,fimsmgr,ftvvtyp,none
93,finance,fimsmgr,furvers,none
3774,finance,fimsmgr,fwrfact,none
73,finance,fimsmgr,fwvxtac,none
146792259,common,general,glbextr,glbextr_surrogate_id
2228187,common,general,goremal,goremal_surrogate_id
762640,common,general,gorpgeo,gorpgeo_surrogate_id
844682,common,general,gorprac,gorprac_surrogate_id
7046436,common,general,gurmail,gurmail_surrogate_id
553777,common,general,gwrdocr,gwrdocr_pidm
4,common,general,gebfunc,none
16641,common,general,glbslct,none
2916,common,general,gobeacc,none
42,common,general,gobfdmn,none
1115,common,general,gobfeob,none
2,common,general,gobfpud,none
470759,common,general,gobintl,none
457803,common,general,goradid,none
1,common,general,gorfdpi,none
515,common,general,goriccr,none
1,common,general,gorintg,none
681,common,general,gorrace,none
43038,common,general,gorvisa,none
217,common,general,gtvadid,none
289,common,general,gtvcall,none
4,common,general,gtvccrd,none
3,common,general,gtvcelg,none
1,common,general,gtvcurr,none
1,common,general,gtvdadd,none
22,common,general,gtvdiro,none
39,common,general,gtvdprp,none
7,common,general,gtvdstp,none
2,common,general,gtvdunt,none
9,common,general,gtvemal,none
40,common,general,gtveqnm,none
40,common,general,gtveqpg,none
141,common,general,gtveqpm,none
4,common,general,gtveqts,none
1,common,general,gtvfsta,none
1,common,general,gtvftyp,none
1,common,general,gtvfunc,none
6,common,general,gtvinsm,none
5,common,general,gtvintp,none
998,common,general,gtvletr,none
5,common,general,gtvlfst,none
2,common,general,gtvmtyp,none
1,common,general,gtvntyp,none
8,common,general,gtvobjt,none
1052,common,general,gtvpara,none
1,common,general,gtvpars,none
18,common,general,gtvprnt,none
5,common,general,gtvproc,none
5,common,general,gtvrrac,none
3,common,general,gtvrsvp,none
13,common,general,gtvschs,none
2815,common,general,gtvscod,none
1124,common,general,gtvsdax,none
19,common,general,gtvsvcc,none
419,common,general,gtvsvcp,none
12,common,general,gtvsvcr,none
12,common,general,gtvsvdt,none
11,common,general,gtvsvel,none
13,common,general,gtvsvep,none
7,common,general,gtvsvft,none
29,common,general,gtvsvgo,none
29,common,general,gtvsvio,none
4,common,general,gtvsvit,none
130,common,general,gtvsvpc,none
8,common,general,gtvsvrp,none
45,common,general,gtvsvtr,none
8,common,general,gtvsvts,none
23,common,general,gtvsysi,none
2,common,general,gtvtrtp,none
14,common,general,gtvvapp,none
3,common,general,gtvvbty,none
1,common,general,gtvviss,none
4,common,general,gtvvobj,none
5,common,general,gtvwfed,none
29,common,general,gtvzipc,none
1,common,general,gubinst,none
1335,common,general,guriden,none
465,common,general,gurmesg,none
38236,common,general,gurtklr,none
136,common,general,gurvers,none
4,common,general,gwvdoct,none
127299,common,general,gxrdird,none
420,common,general,gxvbank,none
2597,common,general,gxvdird,none
210866,hr,payroll,pdrbcov,none
132716,hr,payroll,pdrbene,none
108856,hr,payroll,pebempl,none
35094,hr,payroll,peractl,none
76572,hr,payroll,perappt,none
5359,hr,payroll,perbarg,none
15441,hr,payroll,perbfac,none
187905,hr,payroll,perleav,none
30598,hr,payroll,perrank,none
111611,hr,payroll,perrevw,none
4137,hr,payroll,persabb,none
2600,hr,payroll,phrhour,none
2,hr,payroll,pprexpe,none
2831,hr,payroll,psrorgn,none
9,hr,payroll,ptrafan,none
15,hr,payroll,ptrapps,none
15,hr,payroll,ptrbcat,none
3422,hr,payroll,ptrbdas,none
531,hr,payroll,ptrbdca,none
284,hr,payroll,ptrbdid,none
41633,hr,payroll,ptrbdld,none
3377,hr,payroll,ptrbdpd,none
5,hr,payroll,ptrbdpg,none
12998,hr,payroll,ptrbdpl,none
23,hr,payroll,ptrbdsg,none
15284,hr,payroll,ptrbdxd,none
40999,hr,payroll,ptrbdxe,none
11,hr,payroll,ptrbrel,none
5,hr,payroll,ptrbure,none
630,hr,payroll,ptrcaln,none
8,hr,payroll,ptrcert,none
4,hr,payroll,ptrcfac,none
9,hr,payroll,ptrcobr,none
2,hr,payroll,ptrdfpr,none
176,hr,payroll,ptrearn,none
330,hr,payroll,ptrecbc,none
281,hr,payroll,ptreclc,none
2815,hr,payroll,ptrecld,none
79,hr,payroll,ptrecls,none
2,hr,payroll,ptrempr,none
11,hr,payroll,ptremty,none
30,hr,payroll,ptresoc,none
10,hr,payroll,ptrexam,none
67,hr,payroll,ptrftyp,none
3,hr,payroll,ptrhazd,none
1,hr,payroll,ptrhsil,none
10,hr,payroll,ptrhsme,none
1,hr,payroll,ptrinst,none
419,hr,payroll,ptrjbln,none
157,hr,payroll,ptrjcre,none
20,hr,payroll,ptrleav,none
17,hr,payroll,ptrlrea,none
224,hr,payroll,ptrnatn,none
69,hr,payroll,ptrpgrp,none
3,hr,payroll,ptrpict,none
13,hr,payroll,ptrppay,none
56,hr,payroll,ptrrank,none
4,hr,payroll,ptrreqs,none
15,hr,payroll,ptrshft,none
13,hr,payroll,ptrskil,none
4,hr,payroll,ptrsklv,none
5,hr,payroll,ptrtenr,none
31,hr,payroll,ptrtrea,none
1,hr,payroll,ptrtsfn,none
1387,hr,payroll,ptruser,none
4,hr,payroll,ptrwkpr,none
65,hr,payroll,ptv1099,none
11,hr,payroll,ptvasrc,none
2,hr,payroll,ptvassn,none
12,hr,payroll,ptvbarg,none
9,hr,payroll,ptvbdpg,none
53,hr,payroll,ptvbdty,none
12,hr,payroll,ptvcdes,none
27,hr,payroll,ptvcmty,none
3,hr,payroll,ptvdisa,none
341,hr,payroll,ptvdisp,none
7,hr,payroll,ptvecip,none
6,hr,payroll,ptveeoc,none
8,hr,payroll,ptveeog,none
15,hr,payroll,ptvefun,none
13,hr,payroll,ptvegrp,none
4,hr,payroll,ptvends,none
18,hr,payroll,ptvergr,none
20,hr,payroll,ptveskl,none
30,hr,payroll,ptvfacc,none
8,hr,payroll,ptvfmst,none
5,hr,payroll,ptvfrea,none
2,hr,payroll,ptvgrpt,none
3,hr,payroll,ptvgrsr,none
5,hr,payroll,ptvgrtp,none
5,hr,payroll,ptvhscr,none
4,hr,payroll,ptvhslt,none
8,hr,payroll,ptvhsmt,none
4,hr,payroll,ptvhspc,none
6,hr,payroll,ptvhstc,none
4,hr,payroll,ptvhzsp,none
7,hr,payroll,ptvhztc,none
6,hr,payroll,ptvista,none
8,hr,payroll,ptvjcty,none
15,hr,payroll,ptvlcat,none
3,hr,payroll,ptvlgcd,none
3,hr,payroll,ptvlitg,none
4,hr,payroll,ptvmanu,none
10,hr,payroll,ptvnrsi,none
17,hr,payroll,ptvpcat,none
6,hr,payroll,ptvpubt,none
6,hr,payroll,ptvrank,none
16,hr,payroll,ptvrept,none
47,hr,payroll,ptvrevt,none
31,hr,payroll,ptvroer,none
1,hr,payroll,ptvrsta,none
8,hr,payroll,ptvsbty,none
11,hr,payroll,ptvshcd,none
5,hr,payroll,ptvstca,none
1,hr,payroll,ptvtpcd,none
10,hr,payroll,ptvwkcp,none
200,hr,payroll,purvers,none
108470,hr,payroll,pwboemp,none
15441,hr,payroll,pwrbfac,none
40124,hr,payroll,pwrexdc,none
145537,hr,payroll,pwrojob,none
8765,hr,payroll,pwrrevw,none
53,hr,payroll,pwvretc,none
4833,hr,payroll,pxrfsta,none
1493459,hr,payroll,pdrbded,pdrbded_surrogate_id
3090261,hr,payroll,pdrdedn,pdrdedn_surrogate_id
47962121,hr,payroll,perdtot,perdtot_surrogate_id
668164,hr,payroll,perehis,perehis_pidm
5069670,hr,payroll,perjtot,perjtot_surrogate_id
3093162,hr,payroll,phraccr,phraccr_surrogate_id
58316597,hr,payroll,phrdedn,phrdedn_surrogate_id
3575137,hr,payroll,phrdocm,phrdocm_surrogate_id
6156873,hr,payroll,phrearn,phrearn_surrogate_id
8219793,hr,payroll,phrelbd,phrelbd_surrogate_id
3329046,hr,payroll,phrhist,phrhist_surrogate_id
3982731,hr,payroll,phrjobs,phrjobs_surrogate_id
932781,hr,posnctl,nbrjlbd,nbrjlbd_surrogate_id
1056251,hr,posnctl,nbrjobs,nbrjobs_surrogate_id
161385494,hr,posnctl,nhrdist,nhrdist_surrogate_id
30,hr,posnctl,nbbfisc,none
15386,hr,posnctl,nbbposn,none
205203,hr,posnctl,nbrbjob,none
178923,hr,posnctl,nbrearn,none
97705,hr,posnctl,nbrejld,none
77436,hr,posnctl,nbrejob,none
135248,hr,posnctl,nbrepld,none
90074,hr,posnctl,nbrepsa,none
315427,hr,posnctl,nbrjfte,none
195156,hr,posnctl,nbrplbd,none
151241,hr,posnctl,nbrptot,none
1922,hr,posnctl,nbrxded,none
154948,hr,posnctl,nhrencd,none
107141,hr,posnctl,nobtran,none
13293,hr,posnctl,norcmnt,none
33,hr,posnctl,nortern,none
48306,hr,posnctl,nortlbd,none
12,hr,posnctl,ntralvl,none
3,hr,posnctl,ntraufm,none
490,hr,posnctl,ntrfbex,none
339,hr,posnctl,ntrfbin,none
12312,hr,posnctl,ntrfeld,none
1,hr,posnctl,ntrinst,none
1455,hr,posnctl,ntrpcls,none
43885,hr,posnctl,ntrsala,none
8030,hr,posnctl,ntrsalb,none
524,hr,posnctl,ntrsgrp,none
39,hr,posnctl,ntvacat,none
27,hr,posnctl,ntvapty,none
3,hr,posnctl,ntvdott,none
2,hr,posnctl,ntvpfoc,none
10,hr,posnctl,ntvpnoc,none
83,hr,posnctl,nurvers,none
693266,hr,posnctl,nortran,nortran_transaction_no
1,student,saturn,sabaudf,none
51678,student,saturn,saracmt,none
1148,student,saturn,sarchrt,none
132727,student,saturn,sarintr,none
312376,student,saturn,sarrsrc,none
25495,student,saturn,scbcrky,none
61038,student,saturn,scbcrse,none
100,student,saturn,scbsupp,none
43343,student,saturn,scrattr,none
65,student,saturn,scrcorq,none
1694,student,saturn,screqiv,none
81101,student,saturn,scrgmod,none
42548,student,saturn,scrlevl,none
875,student,saturn,scrrcls,none
3175,student,saturn,scrrcol,none
29035,student,saturn,scrrtst,none
36705,student,saturn,scrschd,none
12138,student,saturn,scrsyln,none
20823,student,saturn,scrsylo,none
265298,student,saturn,sfrindv,none
2535,student,saturn,sfrsrpo,none
63923,student,saturn,sfrwdrl,none
213424,student,saturn,sfrwlnt,none
6662,student,saturn,sgbeops,none
4,student,saturn,sgrathc,none
12,student,saturn,sgrclsr,none
168528,student,saturn,sgreovr,none
74907,student,saturn,sgrpfob,none
29034,student,saturn,sgrsact,none
355793,student,saturn,sgrsatt,none
64305,student,saturn,sgrsprt,none
33046,student,saturn,sgrvetn,none
6,student,saturn,shbcomi,none
650590,student,saturn,shbtatc,none
264294,student,saturn,shrattc,none
9,student,saturn,shrcomm,none
8487,student,saturn,shrdgdh,none
19199,student,saturn,shrdgih,none
249311,student,saturn,shrdgmr,none
2673,student,saturn,shrevnt,none
203,student,saturn,shrgrde,none
16016,student,saturn,shricmt,none
657500,student,saturn,shrtatc,none
280903,student,saturn,shrtckd,none
293820,student,saturn,shrtmcm,none
425153,student,saturn,shrtram,none
358573,student,saturn,shrtrat,none
440187,student,saturn,shrtrcd,none
343470,student,saturn,shrtrit,none
191331,student,saturn,shrttcm,none
39747,student,saturn,sibinst,none
31335,student,saturn,sirdpcl,none
164,student,saturn,slbbldg,none
11,student,saturn,slbevnt,none
3418,student,saturn,slbrdef,none
31,student,saturn,slrbcmt,none
1,student,saturn,slrbdef,none
1695,student,saturn,slrcmnt,none
52,student,saturn,slrcolc,none
15330,student,saturn,slrrdef,none
427,student,saturn,slrruse,none
125,student,saturn,smrprle,none
3,student,saturn,sobcact,none
7601,student,saturn,sobcnvt,none
1,student,saturn,sobctrl,none
123,student,saturn,sobcurr,none
60043,student,saturn,sobsbgi,none
49,student,saturn,sobseqn,none
251,student,saturn,sobterm,none
3286,student,saturn,sorbcmt,none
2132,student,saturn,sorbcnt,none
8407,student,saturn,sorcmjr,none
2026,student,saturn,sorconc,none
283030,student,saturn,sordegr,none
44161,student,saturn,sorepsc,none
245248,student,saturn,sorfadr,none
42652,student,saturn,sorgeor,none
22169,student,saturn,sormajr,none
279,student,saturn,sorminr,none
315429,student,saturn,sprcolr,none
255103,student,saturn,spremrg,none
48268,student,saturn,sprhold,none
171193,student,saturn,sprmedi,none
1,student,saturn,srbrcfg,none
99,student,saturn,srbritc,none
2,student,saturn,srrratt,none
161,student,saturn,ssbdesc,none
84391,student,saturn,ssbxlst,none
388568,student,saturn,ssrattr,none
12300,student,saturn,ssrblck,none
113,student,saturn,ssrcorq,none
148324,student,saturn,ssrfees,none
258060,student,saturn,ssrflag,none
21963,student,saturn,ssrmrdf,none
777016,student,saturn,ssrpubl,none
27980,student,saturn,ssrrcls,none
45118,student,saturn,ssrrcol,none
336270,student,saturn,ssrrmaj,none
52524,student,saturn,ssrsrat,none
29,student,saturn,ssrsyln,none
69614,student,saturn,ssrxlst,none
25,student,saturn,stvacat,none
4,student,saturn,stvacpr,none
29,student,saturn,stvacst,none
63,student,saturn,stvactc,none
1,student,saturn,stvactp,none
115,student,saturn,stvacyr,none
77,student,saturn,stvadda,none
90,student,saturn,stvadmr,none
20,student,saturn,stvadmt,none
100,student,saturn,stvafct,none
116,student,saturn,stvapdc,none
6,student,saturn,stvapls,none
10,student,saturn,stvapst,none
22,student,saturn,stvarea,none
13,student,saturn,stvasrc,none
2,student,saturn,stvasta,none
15,student,saturn,stvastd,none
4,student,saturn,stvasty,none
532,student,saturn,stvattr,none
216,student,saturn,stvatts,none
14,student,saturn,stvatyp,none
12,student,saturn,stvbchr,none
305,student,saturn,stvblck,none
166,student,saturn,stvbldg,none
3,student,saturn,stvcact,none
43,student,saturn,stvcald,none
33,student,saturn,stvcamp,none
1,student,saturn,stvcast,none
2,student,saturn,stvccsl,none
635,student,saturn,stvchrt,none
416,student,saturn,stvcipc,none
6,student,saturn,stvcitz,none
2,student,saturn,stvcksr,none
38,student,saturn,stvckst,none
13,student,saturn,stvclas,none
51,student,saturn,stvcmtt,none
77,student,saturn,stvcnty,none
20,student,saturn,stvcoll,none
3,student,saturn,stvcoms,none
4,student,saturn,stvcomt,none
1,student,saturn,stvcpln,none
6,student,saturn,stvcrea,none
4,student,saturn,stvcsta,none
15,student,saturn,stvcsts,none
890,student,saturn,stvctyp,none
8,student,saturn,stvdays,none
194,student,saturn,stvdegc,none
9,student,saturn,stvdegs,none
178,student,saturn,stvdept,none
3,student,saturn,stvdflt,none
3,student,saturn,stvdisa,none
1,student,saturn,stvdivs,none
15,student,saturn,stvdlev,none
8,student,saturn,stvdplm,none
9,student,saturn,stvdpmr,none
4,student,saturn,stvdsts,none
8,student,saturn,stveapl,none
23,student,saturn,stvedis,none
12,student,saturn,stvedlv,none
33,student,saturn,stvegrp,none
2,student,saturn,stvelig,none
9,student,saturn,stvelmt,none
3,student,saturn,stvempl,none
10,student,saturn,stveops,none
3,student,saturn,stveprt,none
304,student,saturn,stvepsc,none
6,student,saturn,stvests,none
7,student,saturn,stvetct,none
110,student,saturn,stvethn,none
6,student,saturn,stvetyp,none
25,student,saturn,stveven,none
3,student,saturn,stvexam,none
5,student,saturn,stvfcst,none
12,student,saturn,stvfctg,none
26,student,saturn,stvflag,none
4,student,saturn,stvftyp,none
19,student,saturn,stvgchg,none
309,student,saturn,stvgeod,none
36,student,saturn,stvgeor,none
3,student,saturn,stvgmod,none
1,student,saturn,stvgoal,none
628,student,saturn,stvgorg,none
1,student,saturn,stvgpat,none
5,student,saturn,stvgrst,none
2,student,saturn,stvgsta,none
2,student,saturn,stvgtyp,none
85,student,saturn,stvhldd,none
12,student,saturn,stvhlwk,none
4,student,saturn,stvhond,none
4,student,saturn,stvhonr,none
28,student,saturn,stvinfc,none
11,student,saturn,stvinit,none
150,student,saturn,stvintr,none
106,student,saturn,stvints,none
13,student,saturn,stvintv,none
137,student,saturn,stvlang,none
2,student,saturn,stvleav,none
7,student,saturn,stvlevl,none
17,student,saturn,stvlgcy,none
4,student,saturn,stvlmod,none
1135,student,saturn,stvmajr,none
430,student,saturn,stvmatl,none
14,student,saturn,stvmedi,none
44,student,saturn,stvmeet,none
4,student,saturn,stvmrtl,none
259,student,saturn,stvnatn,none
2,student,saturn,stvncst,none
8,student,saturn,stvneed,none
35,student,saturn,stvorig,none
36,student,saturn,stvorsn,none
3,student,saturn,stvpent,none
47,student,saturn,stvpfob,none
18,student,saturn,stvprel,none
1,student,saturn,stvprev,none
1,student,saturn,stvprnt,none
14,student,saturn,stvproc,none
290,student,saturn,stvptrm,none
12,student,saturn,stvptyp,none
5,student,saturn,stvqptp,none
4,student,saturn,stvradm,none
41,student,saturn,stvrate,none
79,student,saturn,stvratp,none
145,student,saturn,stvrdef,none
205,student,saturn,stvrecr,none
11,student,saturn,stvrelt,none
7,student,saturn,stvresd,none
1,student,saturn,stvrmst,none
6,student,saturn,stvrovr,none
3,student,saturn,stvrslt,none
9,student,saturn,stvrsta,none
23,student,saturn,stvrsts,none
7,student,saturn,stvrtrm,none
3,student,saturn,stvrtyp,none
6,student,saturn,stvsapr,none
67174,student,saturn,stvsbgi,none
25,student,saturn,stvsbjc,none
15,student,saturn,stvschd,none
5,student,saturn,stvsess,none
2,student,saturn,stvspst,none
5,student,saturn,stvsser,none
4,student,saturn,stvssgp,none
4,student,saturn,stvssts,none
80,student,saturn,stvstat,none
2,student,saturn,stvstst,none
34,student,saturn,stvstyp,none
558,student,saturn,stvsubj,none
2,student,saturn,stvtaau,none
19,student,saturn,stvtadm,none
19,student,saturn,stvtape,none
2,student,saturn,stvtast,none
35,student,saturn,stvtcmt,none
2,student,saturn,stvtefr,none
24,student,saturn,stvtein,none
24,student,saturn,stvtele,none
11,student,saturn,stvtepr,none
565,student,saturn,stvterm,none
609,student,saturn,stvtesc,none
3,student,saturn,stvtlvl,none
8,student,saturn,stvtmst,none
966,student,saturn,stvtpfd,none
13,student,saturn,stvtprt,none
9,student,saturn,stvtrmt,none
70,student,saturn,stvtspt,none
7,student,saturn,stvtsrc,none
10,student,saturn,stvvetc,none
13,student,saturn,stvvtab,none
74,student,saturn,stvvtyp,none
126,student,saturn,stvwack,none
26,student,saturn,stvwapp,none
6,student,saturn,stvwdrl,none
11,student,saturn,stvwltt,none
22,student,saturn,stvwpic,none
1,student,saturn,stvwpyo,none
28,student,saturn,stvwrsn,none
215,student,saturn,stvwscf,none
71,student,saturn,stvwsct,none
1,student,saturn,stvwsso,none
131,student,saturn,stvxlbl,none
207,student,saturn,survers,none
1718,student,saturn,swbbgix,none
14171,student,saturn,swbtded,none
613,student,saturn,swraest,none
230378,student,saturn,swrhchk,none
28173,student,saturn,swrhcof,none
4287,student,saturn,swrlbar,none
14283,student,saturn,swrlrcs,none
178,student,saturn,swrlsts,none
21,student,saturn,swrpers,none
21552,student,saturn,swrtded,none
11230,student,saturn,swrwdrb,none
126373,student,saturn,swrwdrs,none
10,student,saturn,swvhcpo,none
10,student,saturn,swvhcre,none
132,student,saturn,swvhcsb,none
72,student,saturn,swvwdrs,none
1561768,student,saturn,saraatt,saraatt_surrogate_id
961222,student,saturn,saradap,saradap_surrogate_id
1290240,student,saturn,sarappd,sarappd_surrogate_id
3090768,student,saturn,sarchkl,sarchkl_surrogate_id
3115199,student,saturn,sarrrat,sarrrat_pidm
2400842,student,saturn,sfbetrm,sfbetrm_surrogate_id
9714518,student,saturn,sfrareg,sfrareg_surrogate_id
91013079,student,saturn,sfrstca,sfrstca_surrogate_id
13207582,student,saturn,sfrstcr,sfrstcr_surrogate_id
19640681,student,saturn,sfrtlog,sfrtlog_pidm
3934978,student,saturn,sgbstdn,sgbstdn_surrogate_id
879208,student,saturn,sgradvr,sgradvr_surrogate_id
1043099,student,saturn,sgrchrt,sgrchrt_surrogate_id
787016,student,saturn,sgrrovr,sgrrovr_pidm
1354342,student,saturn,sgrsrsv,sgrsrsv_pidm
1477540,student,saturn,shrattr,shrattr_surrogate_id
992701,student,saturn,shrlgpa,shrlgpa_surrogate_id
2583798,student,saturn,shrtatt,shrtatt_surrogate_id
12111788,student,saturn,shrtckg,shrtckg_surrogate_id
10243549,student,saturn,shrtckl,shrtckl_surrogate_id
10243497,student,saturn,shrtckn,shrtckn_surrogate_id
3176700,student,saturn,shrtgpa,shrtgpa_surrogate_id
3381719,student,saturn,shrtrce,shrtrce_surrogate_id
3244921,student,saturn,shrtrcr,shrtrcr_surrogate_id
2699414,student,saturn,shrttrm,shrttrm_surrogate_id
698150,student,saturn,sirasgn,sirasgn_surrogate_id
1108863,student,saturn,sorainf,sorainf_arol_pidm
1501275,student,saturn,sorcont,sorcont_pidm
3662040,student,saturn,sorhsbj,sorhsbj_surrogate_id
995159,student,saturn,sorhsch,sorhsch_surrogate_id
877946,student,saturn,sorints,sorints_surrogate_id
7125800,student,saturn,sorlcur,sorlcur_surrogate_id
9273151,student,saturn,sorlfos,sorlfos_surrogate_id
577118,student,saturn,sorpcol,sorpcol_surrogate_id
7915715,student,saturn,sortest,sortest_surrogate_id
2995242,student,saturn,sortspc,sortspc_surrogate_id
1821246,student,saturn,spbpers,spbpers_surrogate_id
6215878,student,saturn,spraddr,spraddr_surrogate_id
1013489,student,saturn,sprapin,sprapin_surrogate_id
2369420,student,saturn,spriden,spriden_surrogate_id
5142778,student,saturn,sprtele,sprtele_surrogate_id
1584493,student,saturn,srbrecr,srbrecr_surrogate_id
582216,student,saturn,srrrsrc,srrrsrc_surrogate_id
717671,student,saturn,ssbsect,ssbsect_surrogate_id
743834,student,saturn,ssrmeet,ssrmeet_surrogate_id
3557233,student,saturn,ssrrlvl,ssrrlvl_surrogate_id
530591,student,saturn,ssrrtst,ssrrtst_surrogate_id
94938,ar,taismgr,tbbacct,none
3666,ar,taismgr,tbbcont,none
20010,ar,taismgr,tbbcprf,none
37996,ar,taismgr,tbbcstu,none
1,ar,taismgr,tbbctrl,none
23,ar,taismgr,tbbdepc,none
9202,ar,taismgr,tbbdetc,none
16119,ar,taismgr,tbbeact,none
44447,ar,taismgr,tbbestu,none
1,ar,taismgr,tbbetbd,none
2858,ar,taismgr,tbbexpt,none
260404,ar,taismgr,tbbmisc,none
2,ar,taismgr,tbbretc,none
20526,ar,taismgr,tbracct,none
27450,ar,taismgr,tbrcolc,none
19044,ar,taismgr,tbrcpdt,none
93525,ar,taismgr,tbrdepo,none
741,ar,taismgr,tbrmemo,none
263178,ar,taismgr,trraccd,none
170078,ar,taismgr,trrappl,none
8,ar,taismgr,ttvbill,none
73,ar,taismgr,ttvdcat,none
11,ar,taismgr,ttvdeli,none
5,ar,taismgr,ttvdtyp,none
8,ar,taismgr,ttvhold,none
2,ar,taismgr,ttvpayt,none
5,ar,taismgr,ttvrept,none
25,ar,taismgr,ttvsrce,none
5,ar,taismgr,ttvtprc,none
76,ar,taismgr,turvers,none
131798,ar,taismgr,twbrvca,none
32608189,ar,taismgr,tbraccd,tbraccd_surrogate_id
43269410,ar,taismgr,tbrappl,tbrappl_pidm
2836442,ar,taismgr,tbrmisd,tbrmisd_tran_number
796913,ar,taismgr,ttbtaxn,ttbtaxn_surrogate_id